name,state,AgeAdjustedRate
Union County, Florida,125.7
North Slope Borough, Alaska,109.8
Hanson County, South Dakota,104.1
Aurora County, South Dakota,97.8
Kingsbury County, South Dakota,95.6
Yukon-Koyukuk Census Area, Alaska,93.5
Dillingham Census Area, Alaska,92
Northwest Arctic Borough, Alaska,91.5
Bethel Census Area, Alaska,90.4
Bracken County, Kentucky,90
Turner County, Georgia,88.6
Douglas County, South Dakota,88.5
Powell County, Kentucky,86.7
Sharkey County, Mississippi,84.5
Wade Hampton Census Area, Alaska,83.7
Adams County, Iowa,82.4
Chattahoochee County, Georgia,81.5
Bowman County, North Dakota,80.9
Dewey County, South Dakota,80.6
Nome Census Area, Alaska,78.5
Holmes County, Mississippi,78.1
East Carroll Parish, Louisiana,77.3
Humphreys County, Mississippi,77.2
Estill County, Kentucky,76.7
Carroll County, Kentucky,75.2
Wolfe County, Kentucky,74.4
Bolivar County, Mississippi,73.9
Evangeline Parish, Louisiana,73.1
Mountrail County, North Dakota,72.8
Sargent County, North Dakota,72.5
Sunflower County, Mississippi,72.4
Kearney County, Nebraska,71.7
McLean County, North Dakota,71.2
Nuckolls County, Nebraska,70.8
Lawrence County, Kentucky,70.3
Charlotte County, Virginia,70
Trousdale County, Tennessee,70
McPherson County, South Dakota,69.8
Cross County, Arkansas,69.7
Polk County, Nebraska,69.6
Martin County, Kentucky,69.4
Letcher County, Kentucky,69.3
Wabash County, Illinois,69
Jay County, Indiana,68.7
Clinton County, Kentucky,68.4
Kiowa County, Oklahoma,68.3
Stark County, Illinois,68.1
McCook County, South Dakota,67.9
Washington County, Mississippi,67.9
Franklin City, Virginia,67.7
Jasper County, Illinois,67.6
Osceola County, Iowa,67.5
Hall County, Texas,67.4
Nance County, Nebraska,67
Bradley County, Arkansas,66.8
Leflore County, Mississippi,66.8
Peach County, Georgia,66.7
Wilcox County, Alabama,66.4
Washington County, Kentucky,66.1
Terrell County, Georgia,66
Breathitt County, Kentucky,66
Mercer County, Missouri,66
Phillips County, Arkansas,65.7
Calhoun County, Illinois,65.6
Knox County, Missouri,65.5
Dallam County, Texas,65.3
Monroe County, Arkansas,65.3
Montgomery County, Kentucky,65.2
St. Landry Parish, Louisiana,65.2
Thurston County, Nebraska,65.1
Clinch County, Georgia,65
Jefferson County, Mississippi,64.9
Jackson County, Arkansas,64.9
Cass County, Iowa,64.9
Calhoun County, West Virginia,64.8
Rolette County, North Dakota,64.8
Decatur County, Iowa,64.5
Monroe County, Iowa,64.5
East Feliciana Parish, Louisiana,64.4
Scott County, Illinois,64.4
Brooks County, Texas,64.3
Montgomery County, Mississippi,64.2
Ritchie County, West Virginia,64.1
Coahoma County, Mississippi,63.7
Mitchell County, Georgia,63.6
Humboldt County, Iowa,63.6
Lee County, Arkansas,63.6
Thayer County, Nebraska,63.6
Marion County, Kentucky,63.5
De Witt County, Illinois,63.4
Guernsey County, Ohio,63.3
Grundy County, Tennessee,63.3
Pocahontas County, Iowa,63.2
Clarke County, Alabama,63.2
Meriwether County, Georgia,63.1
Lauderdale County, Tennessee,63
Shelby County, Iowa,62.9
Lavaca County, Texas,62.9
Mingo County, West Virginia,62.8
Carlisle County, Kentucky,62.8
Ohio County, Indiana,62.7
Monona County, Iowa,62.6
Wilbarger County, Texas,62.6
Catahoula Parish, Louisiana,62.5
Washington County, North Carolina,62.4
Breckinridge County, Kentucky,62.3
Wilkinson County, Mississippi,62.2
Butler County, Kentucky,62
Johnson County, Illinois,61.9
Antelope County, Nebraska,61.9
Garrard County, Kentucky,61.8
Taylor County, Kentucky,61.8
Yalobusha County, Mississippi,61.8
Quitman County, Mississippi,61.7
Lewis County, New York,61.7
Pierce County, Nebraska,61.7
Choctaw County, Alabama,61.4
Green County, Kentucky,61.3
Ashley County, Arkansas,61.3
Evans County, Georgia,61.3
King William County, Virginia,61.2
Linn County, Missouri,61.1
Edwards County, Illinois,61
Lamar County, Alabama,61
Webster County, West Virginia,61
Richland County, North Dakota,60.7
Menifee County, Kentucky,60.4
Craig County, Oklahoma,60.3
Orange County, Indiana,60.2
Franklin Parish, Louisiana,60.2
Magoffin County, Kentucky,60.1
Arkansas County, Arkansas,60.1
Fleming County, Kentucky,60
Knox County, Indiana,59.6
Ohio County, Kentucky,59.6
Grant County, Arkansas,59.6
Macon County, Alabama,59.5
Todd County, South Dakota,59.4
Pike County, Arkansas,59.4
Swain County, North Carolina,59.4
Stewart County, Tennessee,59.4
Perry County, Kentucky,59.4
La Salle County, Texas,59.3
Franklin County, Mississippi,59.1
Edmonson County, Kentucky,59.1
Stewart County, Georgia,59.1
Valley County, Nebraska,59.1
Custer County, Montana,59
Barton County, Missouri,59
Lawrence County, Alabama,59
Grayson County, Kentucky,59
Martinsville City, Virginia,58.8
Monroe County, Alabama,58.8
Leake County, Mississippi,58.8
Knox County, Kentucky,58.7
Copiah County, Mississippi,58.7
Hart County, Kentucky,58.7
Allen County, Kentucky,58.6
Effingham County, Illinois,58.5
Simpson County, Kentucky,58.5
St. Martin Parish, Louisiana,58.5
Shelby County, Kentucky,58.2
Russell County, Kentucky,58.2
Yazoo County, Mississippi,58.2
Logan County, West Virginia,58.1
Winn Parish, Louisiana,58.1
Hancock County, Georgia,58.1
Lowndes County, Alabama,58
Stoddard County, Missouri,57.8
Noxubee County, Mississippi,57.8
Garvin County, Oklahoma,57.8
Edgar County, Illinois,57.8
Harper County, Oklahoma,57.8
Lemhi County, Idaho,57.7
Tishomingo County, Mississippi,57.6
Floyd County, Kentucky,57.5
Perry County, Tennessee,57.5
Greene County, Pennsylvania,57.4
Gilmer County, West Virginia,57.4
Perry County, Illinois,57.4
Assumption Parish, Louisiana,57.4
McCreary County, Kentucky,57.3
Morehouse Parish, Louisiana,57.3
Acadia Parish, Louisiana,57.3
Ste. Genevieve County, Missouri,57.2
Taylor County, Iowa,57.1
Marion County, Ohio,57.1
Saline County, Nebraska,57
Chambers County, Alabama,57
Monroe County, Kentucky,57
Washington County, Illinois,56.9
Bell County, Kentucky,56.9
Shelby County, Illinois,56.9
Henry County, Missouri,56.9
Henry County, Iowa,56.9
Mississippi County, Arkansas,56.9
Tunica County, Mississippi,56.8
Moore County, Texas,56.8
Choctaw County, Oklahoma,56.8
Forest County, Wisconsin,56.7
Pendleton County, Kentucky,56.7
Saline County, Illinois,56.6
Iberia Parish, Louisiana,56.5
Switzerland County, Indiana,56.5
Dallas County, Alabama,56.5
Hidalgo County, New Mexico,56.4
Newton County, Texas,56.4
Hutchinson County, South Dakota,56.4
Richland County, Illinois,56.4
Morrill County, Nebraska,56.4
Webster County, Mississippi,56.3
O'Brien County, Iowa,56.3
Grenada County, Mississippi,56.3
LaMoure County, North Dakota,56.1
Mississippi County, Missouri,56
Brookings County, South Dakota,56
Worth County, Georgia,56
Marengo County, Alabama,55.9
Big Horn County, Montana,55.9
DeWitt County, Texas,55.9
Phillips County, Montana,55.9
Chattooga County, Georgia,55.8
Clay County, West Virginia,55.8
Crawford County, Missouri,55.7
Nicholas County, Kentucky,55.6
Hardin County, Iowa,55.6
Covington County, Alabama,55.6
Lewis County, Kentucky,55.6
Heard County, Georgia,55.6
Sumter County, Alabama,55.6
Dallas County, Arkansas,55.6
Sac County, Iowa,55.6
Dickson County, Tennessee,55.6
Overton County, Tennessee,55.5
Calhoun County, Mississippi,55.5
McDonough County, Illinois,55.5
Audubon County, Iowa,55.5
Adair County, Iowa,55.5
Jefferson Davis Parish, Louisiana,55.5
Van Wert County, Ohio,55.5
Ransom County, North Dakota,55.5
Campbell County, Kentucky,55.5
Christian County, Illinois,55.5
Jasper County, Mississippi,55.5
Jefferson County, Georgia,55.5
Cuming County, Nebraska,55.4
Warren County, Mississippi,55.4
Union County, Iowa,55.4
Roosevelt County, Montana,55.4
Owsley County, Kentucky,55.4
Lawrence County, Arkansas,55.2
Upson County, Georgia,55.2
Elk County, Pennsylvania,55.2
Cleburne County, Alabama,55.1
Madison Parish, Louisiana,55.1
Jefferson County, Illinois,55.1
West Carroll Parish, Louisiana,55.1
Cumberland County, Virginia,55.1
Iberville Parish, Louisiana,55
Hardee County, Florida,54.9
Allen Parish, Louisiana,54.9
Madison County, Georgia,54.8
Preston County, West Virginia,54.8
Grady County, Georgia,54.8
Laurel County, Kentucky,54.8
Cumberland County, Illinois,54.7
Wayne County, Kentucky,54.7
Galax City, Virginia,54.7
McLean County, Kentucky,54.7
Jasper County, Texas,54.6
Carter County, Kentucky,54.6
Alexander County, Illinois,54.6
Jackson County, Iowa,54.5
Jenkins County, Georgia,54.5
Sussex County, Virginia,54.5
Fulton County, Kentucky,54.5
Cumberland County, Kentucky,54.5
Clinton County, Pennsylvania,54.5
Williamson County, Illinois,54.5
Putnam County, Illinois,54.5
Comanche County, Texas,54.4
Vermilion County, Illinois,54.4
Marion County, Illinois,54.4
Anderson County, Kentucky,54.3
Haywood County, Tennessee,54.3
Alleghany County and Clifton Forge City, Virginia,54.3
Guthrie County, Iowa,54.3
Morton County, North Dakota,54.3
Starr County, Texas,54.3
Jefferson Davis County, Mississippi,54.3
Stephens County, Georgia,54.3
Pembina County, North Dakota,54.2
Cass County, Illinois,54.2
Spencer County, Kentucky,54.2
Boyd County, Kentucky,54.2
Bullitt County, Kentucky,54.1
Monroe County, Missouri,54.1
Washington County, Nebraska,54.1
Page County, Iowa,54.1
Adams County, Ohio,54
Hancock County, West Virginia,54
Grant County, Indiana,54
Johnson County, Kentucky,54
Avoyelles Parish, Louisiana,54
Shelby County, Missouri,54
Smith County, Tennessee,53.9
Blackford County, Indiana,53.9
Logan County, Illinois,53.8
Grant County, Kentucky,53.8
Roane County, West Virginia,53.8
Martin County, Indiana,53.8
Mercer County, Kentucky,53.8
Wrangell-Petersburg Census Area, Alaska,53.8
Dunklin County, Missouri,53.8
Worth County, Iowa,53.7
Mason County, Illinois,53.7
Coal County, Oklahoma,53.7
St. James Parish, Louisiana,53.7
Nottoway County, Virginia,53.7
Bourbon County, Kentucky,53.7
Wirt County, West Virginia,53.6
Effingham County, Georgia,53.6
Muhlenberg County, Kentucky,53.6
McKenzie County, North Dakota,53.6
New Madrid County, Missouri,53.6
Dawson County, Nebraska,53.6
Lawrence County, Mississippi,53.6
McDonald County, Missouri,53.5
Fayette County, Alabama,53.5
Logan County, Kentucky,53.5
Union County, Mississippi,53.5
Crenshaw County, Alabama,53.4
Cotton County, Oklahoma,53.4
Union County, Illinois,53.4
Harlan County, Kentucky,53.4
Harrison County, Iowa,53.4
Charles Mix County, South Dakota,53.4
Wayne County, Mississippi,53.4
St. Francois County, Missouri,53.3
Schuyler County, New York,53.3
Potter County, Pennsylvania,53.3
Pulaski County, Kentucky,53.3
Lamar County, Texas,53.2
Vermillion County, Indiana,53.2
Mercer County, Ohio,53.2
Nelson County, Kentucky,53.2
St. Mary Parish, Louisiana,53.2
Alfalfa County, Oklahoma,53.2
Spink County, South Dakota,53.1
Newberry County, South Carolina,53.1
Marion County, Mississippi,53.1
Union County, South Dakota,53.1
Tucker County, West Virginia,53.1
Wilcox County, Georgia,53
Dougherty County, Georgia,53
Macon County, Illinois,53
Lewis County, West Virginia,53
Jackson County, Kentucky,53
Pike County, Illinois,52.9
Cass County, Indiana,52.9
Iroquois County, Illinois,52.9
Lyon County, Iowa,52.9
Lee County, Georgia,52.9
Montgomery County, Illinois,52.9
Dixon County, Nebraska,52.8
Morgan County, Georgia,52.8
Pike County, Mississippi,52.8
Rosebud County, Montana,52.8
Greene County, Illinois,52.8
Clay County, Arkansas,52.8
Jefferson County, Indiana,52.8
Talbot County, Georgia,52.7
Perry County, Arkansas,52.7
Franklin County, Texas,52.7
Eastland County, Texas,52.7
Marion County, West Virginia,52.7
Hamilton County, Illinois,52.6
Vermilion Parish, Louisiana,52.6
Macon County, Georgia,52.6
Ida County, Iowa,52.6
Lincoln County, Kentucky,52.6
Cerro Gordo County, Iowa,52.5
Shannon County, South Dakota,52.5
Fayette County, West Virginia,52.5
Appanoose County, Iowa,52.5
Walsh County, North Dakota,52.5
Hampshire County, West Virginia,52.5
Kit Carson County, Colorado,52.5
Burke County, Georgia,52.5
Ashland County, Wisconsin,52.4
Clark County, Kentucky,52.4
Muscatine County, Iowa,52.4
Washington County, Indiana,52.4
Terrebonne Parish, Louisiana,52.4
Polk County, Georgia,52.4
Metcalfe County, Kentucky,52.3
Concordia Parish, Louisiana,52.3
Wayne County, Nebraska,52.3
Pickett County, Tennessee,52.3
Dickinson County, Iowa,52.3
Blaine County, Montana,52.3
Braxton County, West Virginia,52.2
Fayette County, Iowa,52.2
McDowell County, West Virginia,52.2
Larue County, Kentucky,52.2
Desha County, Arkansas,52.1
Marshall County, Mississippi,52.1
Clay County, Kentucky,52.1
Nelson County, Virginia,52.1
Warren County, North Carolina,52
Dallas County, Missouri,52
Newton County, Mississippi,52
Pike County, Kentucky,52
Sullivan County, Missouri,51.9
Marion County, Iowa,51.9
Darke County, Ohio,51.9
Sullivan County, Indiana,51.9
Texas County, Missouri,51.9
Panola County, Mississippi,51.8
Jasper County, Iowa,51.8
Mahaska County, Iowa,51.8
Butte County, South Dakota,51.8
Wilkinson County, Georgia,51.8
Morgan County, Indiana,51.7
Marshall County, Illinois,51.7
Dawson County, Texas,51.7
Schuylkill County, Pennsylvania,51.6
Cooper County, Missouri,51.6
Macoupin County, Illinois,51.6
Grant County, South Dakota,51.5
Ralls County, Missouri,51.5
Twiggs County, Georgia,51.5
Greene County, Arkansas,51.5
St. Bernard Parish, Louisiana,51.5
Jackson Parish, Louisiana,51.5
Custer County, Colorado,51.5
Poinsett County, Arkansas,51.5
Woodbury County, Iowa,51.4
Adams County, Mississippi,51.4
Franklin County, Iowa,51.4
Danville City, Virginia,51.4
Hinds County, Mississippi,51.3
Glacier County, Montana,51.3
Franklin County, Illinois,51.3
Glenn County, California,51.3
Noble County, Oklahoma,51.3
Howard County, Arkansas,51.3
Simpson County, Mississippi,51.3
Boone County, West Virginia,51.2
Marion County, Alabama,51.2
Scott County, Missouri,51.2
Marshall County, West Virginia,51.2
Giles County, Tennessee,51.2
Kingfisher County, Oklahoma,51.2
Wheeler County, Texas,51.2
Henderson County, Texas,51.2
Payette County, Idaho,51.2
Jefferson County, New York,51.2
Miller County, Missouri,51.1
Cameron Parish, Louisiana,51.1
Banks County, Georgia,51.1
Grundy County, Iowa,51.1
Van Buren County, Iowa,51.1
Shannon County, Missouri,51
Daviess County, Missouri,51
Gibson County, Indiana,51
Stark County, North Dakota,51
Russell County, Alabama,51
Randolph County, Illinois,51
Neshoba County, Mississippi,51
Trimble County, Kentucky,50.9
Calcasieu Parish, Louisiana,50.9
Calhoun County, Iowa,50.9
Wapello County, Iowa,50.9
Chickasaw County, Mississippi,50.8
Union County, Arkansas,50.8
Vance County, North Carolina,50.8
Drew County, Arkansas,50.8
Winnebago County, Iowa,50.7
Cameron County, Pennsylvania,50.7
Clarke County, Mississippi,50.7
Greene County, Iowa,50.7
Victoria County, Texas,50.7
Jackson County, Georgia,50.6
Pike County, Missouri,50.6
Henderson County, Kentucky,50.6
Pulaski County, Indiana,50.6
Pemiscot County, Missouri,50.6
Brown County, Ohio,50.5
Wright County, Missouri,50.5
Fulton County, Arkansas,50.5
Wharton County, Texas,50.5
Dawson County, Montana,50.4
Okeechobee County, Florida,50.4
Keokuk County, Iowa,50.4
Dorchester County, Maryland,50.4
Broadwater County, Montana,50.4
McNairy County, Tennessee,50.3
Calhoun County, Arkansas,50.3
Blaine County, Oklahoma,50.3
Washington County, Georgia,50.3
Crawford County, Pennsylvania,50.3
Johnson County, Missouri,50.2
Carroll County, Iowa,50.2
Preble County, Ohio,50.2
Pointe Coupee Parish, Louisiana,50.2
Stillwater County, Montana,50.2
Lincoln County, Arkansas,50.1
Greenbrier County, West Virginia,50.1
Putnam County, Georgia,50.1
Claiborne County, Mississippi,50.1
Dickey County, North Dakota,50.1
Andrews County, Texas,50
Autauga County, Alabama,50
Wetzel County, West Virginia,50
Putnam County, Indiana,50
Young County, Texas,50
Union County, Kentucky,50
Karnes County, Texas,50
Scott County, Mississippi,50
Randolph County, Alabama,50
Pendleton County, West Virginia,50
Athens County, Ohio,49.9
Hancock County, Iowa,49.9
Erie County, Ohio,49.9
Casey County, Kentucky,49.8
Oglethorpe County, Georgia,49.8
Lincoln County, West Virginia,49.8
Clay County, Tennessee,49.8
Allegany County, New York,49.8
Schuyler County, Illinois,49.8
Terry County, Texas,49.8
Marshall County, Tennessee,49.7
Habersham County, Georgia,49.7
Kay County, Oklahoma,49.7
Okmulgee County, Oklahoma,49.7
Lafayette Parish, Louisiana,49.7
Todd County, Kentucky,49.7
Bath County, Kentucky,49.7
Coffee County, Georgia,49.7
Gogebic County, Michigan,49.6
Bartow County, Georgia,49.6
Washington County, Maine,49.6
Wayne County, Missouri,49.6
Sheridan County, Montana,49.6
Fulton County, Illinois,49.6
Greene County, Mississippi,49.6
Monroe County, Mississippi,49.6
Nicholas County, West Virginia,49.6
Polk County, Texas,49.6
Lamar County, Georgia,49.5
Fentress County, Tennessee,49.5
Madison County, Kentucky,49.5
Lincoln County, Tennessee,49.5
Randolph County, Missouri,49.5
Morrow County, Ohio,49.5
Cibola County, New Mexico,49.5
Jefferson County, Oklahoma,49.5
Richland Parish, Louisiana,49.4
Carroll County, Missouri,49.4
Keith County, Nebraska,49.4
Oscoda County, Michigan,49.4
Elmore County, Idaho,49.4
Yuma County, Colorado,49.4
Chambers County, Texas,49.4
White County, Arkansas,49.4
Menard County, Illinois,49.4
Harrison County, West Virginia,49.3
Prince Edward County, Virginia,49.3
Murray County, Oklahoma,49.3
Washington County, Missouri,49.3
Cumberland County, New Jersey,49.3
Roanoke City, Virginia,49.2
Madison County, Nebraska,49.2
Jefferson County, Nebraska,49.2
Clinton County, Iowa,49.2
Hocking County, Ohio,49.2
Anson County, North Carolina,49.2
Lake County, Indiana,49.2
Oneida County, Wisconsin,49.1
Cambria County, Pennsylvania,49.1
Randolph County, West Virginia,49.1
Tate County, Mississippi,49.1
Manistee County, Michigan,49.1
Sumter County, Georgia,49.1
Bland County, Virginia,49.1
Ford County, Illinois,49.1
Gregg County, Texas,49
Tippah County, Mississippi,49
De Soto Parish, Louisiana,49
Houston County, Tennessee,49
Livingston County, Kentucky,49
Phelps County, Nebraska,49
Tipton County, Indiana,48.9
Scotland County, Missouri,48.9
Morgan County, Illinois,48.9
Vilas County, Wisconsin,48.9
Muscogee County, Georgia,48.9
Westmoreland County, Virginia,48.9
Luzerne County, Pennsylvania,48.8
Scott County, Indiana,48.8
Jasper County, Indiana,48.8
Colbert County, Alabama,48.8
Wyoming County, New York,48.8
Mason County, West Virginia,48.8
West Baton Rouge Parish, Louisiana,48.8
Tallahatchie County, Mississippi,48.7
Chouteau County, Montana,48.7
Orangeburg County, South Carolina,48.7
Miller County, Arkansas,48.7
Carroll County, Georgia,48.7
Haskell County, Oklahoma,48.7
Pettis County, Missouri,48.7
Emmet County, Iowa,48.7
Highland County, Ohio,48.7
Claiborne County, Tennessee,48.6
Jasper County, Georgia,48.6
Clark County, Indiana,48.5
Andrew County, Missouri,48.5
Morgan County, Missouri,48.5
Alcona County, Michigan,48.5
Carroll County, Mississippi,48.5
Prairie County, Arkansas,48.5
Caldwell Parish, Louisiana,48.5
Rapides Parish, Louisiana,48.5
Crawford County, Arkansas,48.5
Mercer County, Pennsylvania,48.5
Talladega County, Alabama,48.5
Christian County, Kentucky,48.4
Itawamba County, Mississippi,48.4
Greenup County, Kentucky,48.4
Montgomery County, Georgia,48.4
Whitley County, Kentucky,48.3
Attala County, Mississippi,48.3
Grant County, West Virginia,48.3
Henderson County, Tennessee,48.3
Beaverhead County, Montana,48.3
Archer County, Texas,48.3
Sandusky County, Ohio,48.3
Hickman County, Kentucky,48.3
Iowa County, Iowa,48.3
Washington County, Alabama,48.3
Lanier County, Georgia,48.3
Calhoun County, Alabama,48.3
Pushmataha County, Oklahoma,48.3
Carroll County, Indiana,48.2
Spalding County, Georgia,48.2
Jasper County, South Carolina,48.2
Montgomery County, New York,48.2
Tattnall County, Georgia,48.2
Lee County, Iowa,48.2
Berkeley County, West Virginia,48.2
Chenango County, New York,48.2
Mahoning County, Ohio,48.2
Greensville County, Virginia,48.2
Tama County, Iowa,48.2
Clay County, Mississippi,48.2
Kalkaska County, Michigan,48.1
Chester County, South Carolina,48.1
Cherokee County, South Carolina,48.1
Hardin County, Ohio,48.1
Cook County, Georgia,48.1
Montour County, Pennsylvania,48.1
Crittenden County, Arkansas,48
Holmes County, Ohio,48
Grand Forks County, North Dakota,48
Platte County, Nebraska,48
La Salle Parish, Louisiana,48
Mills County, Iowa,47.9
Rockcastle County, Kentucky,47.9
Bienville Parish, Louisiana,47.9
Bibb County, Georgia,47.9
Palo Alto County, Iowa,47.9
Somerset County, Maryland,47.9
Scotland County, North Carolina,47.9
Marshall County, Kentucky,47.9
Emanuel County, Georgia,47.8
Adams County, Indiana,47.8
Grundy County, Illinois,47.8
Leslie County, Kentucky,47.8
McCormick County, South Carolina,47.8
Clarke County, Virginia,47.8
Giles County, Virginia,47.8
Macon County, Missouri,47.7
Perry County, Alabama,47.7
Martin County, North Carolina,47.7
Minnehaha County, South Dakota,47.7
Kosciusko County, Indiana,47.7
Houston County, Georgia,47.7
Montgomery County, Iowa,47.7
Reeves County, Texas,47.7
Screven County, Georgia,47.7
Rabun County, Georgia,47.7
Langlade County, Wisconsin,47.6
Caddo Parish, Louisiana,47.6
Jefferson County, Kentucky,47.6
St. Francis County, Arkansas,47.6
Granville County, North Carolina,47.6
Waynesboro City, Virginia,47.6
Henry County, Ohio,47.6
Trempealeau County, Wisconsin,47.5
Fulton County, Ohio,47.5
Tyler County, West Virginia,47.5
Hopewell City, Virginia,47.5
Fountain County, Indiana,47.5
Natchitoches Parish, Louisiana,47.5
Philadelphia County, Pennsylvania,47.5
Johnson County, Nebraska,47.5
Staunton City, Virginia,47.5
Seward County, Nebraska,47.5
Burke County, North Carolina,47.4
Fayette County, Pennsylvania,47.4
Bates County, Missouri,47.4
Hamilton County, New York,47.4
Escambia County, Alabama,47.4
Fannin County, Georgia,47.4
Buena Vista City, Virginia,47.4
Ashland County, Ohio,47.4
Salem County, New Jersey,47.4
Henry County, Indiana,47.4
Raleigh County, West Virginia,47.3
Creek County, Oklahoma,47.3
Pike County, Georgia,47.3
Decatur County, Tennessee,47.3
Seminole County, Georgia,47.3
Prince of Wales-Outer Ketchikan, Alaska,47.3
Dewey County, Oklahoma,47.3
Petersburg City, Virginia,47.3
Rockingham County, North Carolina,47.2
Bedford County, Pennsylvania,47.2
Little River County, Arkansas,47.2
Mason County, Kentucky,47.2
Fulton County, Indiana,47.2
St. John the Baptist Parish, Louisiana,47.2
Jones County, Iowa,47.2
Allegany County, Maryland,47.2
Zapata County, Texas,47.2
Hale County, Texas,47.2
Shelby County, Indiana,47.2
Shoshone County, Idaho,47.1
Independence County, Arkansas,47.1
Wise County, Texas,47.1
Coles County, Illinois,47.1
Texas County, Oklahoma,47.1
Vernon Parish, Louisiana,47.1
Refugio County, Texas,47.1
Appomattox County, Virginia,47.1
Columbiana County, Ohio,47.1
Mobile County, Alabama,47
Coshocton County, Ohio,47
Walthall County, Mississippi,47
Northampton County, North Carolina,47
Otoe County, Nebraska,47
Dodge County, Nebraska,47
Lawrence County, Indiana,47
Union County, Georgia,47
Caddo County, Oklahoma,47
McDowell County, North Carolina,46.9
Columbia County, Pennsylvania,46.9
Carter County, Missouri,46.9
Iron County, Missouri,46.9
Bond County, Illinois,46.9
Armstrong County, Pennsylvania,46.9
Teton County, Montana,46.9
Jackson County, Indiana,46.9
Plymouth County, Iowa,46.9
Washington County, Idaho,46.9
Grant Parish, Louisiana,46.8
Burlington County, New Jersey,46.8
Lowndes County, Mississippi,46.8
Mercer County, West Virginia,46.8
Clayton County, Georgia,46.8
Adair County, Kentucky,46.8
Fannin County, Texas,46.8
Hall County, Nebraska,46.8
Caroline County, Virginia,46.8
Seneca County, Ohio,46.7
Harrison County, Kentucky,46.7
Van Buren County, Tennessee,46.7
Somerset County, Pennsylvania,46.7
Cattaraugus County, New York,46.7
Meigs County, Tennessee,46.6
Shelby County, Texas,46.6
Blair County, Pennsylvania,46.6
Kenton County, Kentucky,46.6
Box Butte County, Nebraska,46.6
Grayson County, Texas,46.6
Crittenden County, Kentucky,46.6
Cabell County, West Virginia,46.5
Franklin County, Georgia,46.5
Nacogdoches County, Texas,46.5
Burleigh County, North Dakota,46.5
Decatur County, Georgia,46.5
Fremont County, Wyoming,46.5
Washington County, Pennsylvania,46.5
Williamsburg County, South Carolina,46.5
Goochland County, Virginia,46.5
Caroline County, Maryland,46.5
Newton County, Georgia,46.5
Wabash County, Indiana,46.4
Gordon County, Georgia,46.4
Ashtabula County, Ohio,46.4
McCurtain County, Oklahoma,46.4
Lee County, Mississippi,46.4
Harrison County, Mississippi,46.4
Comanche County, Oklahoma,46.4
Warren County, New Jersey,46.3
Darlington County, South Carolina,46.3
Etowah County, Alabama,46.3
Barren County, Kentucky,46.3
Northumberland County, Virginia,46.3
Knox County, Illinois,46.3
Rhea County, Tennessee,46.3
Jackson County, Tennessee,46.3
Allen County, Ohio,46.3
Tazewell County, Illinois,46.3
Lincoln County, Mississippi,46.2
Wood County, Ohio,46.2
Bryan County, Georgia,46.2
Florence County, South Carolina,46.2
Cape May County, New Jersey,46.2
Wayne County, Michigan,46.2
Monroe County, West Virginia,46.2
Barbour County, Alabama,46.2
Richardson County, Nebraska,46.2
Bladen County, North Carolina,46.2
Navarro County, Texas,46.1
Ottawa County, Ohio,46.1
Richland County, Wisconsin,46.1
Buffalo County, Nebraska,46.1
Holt County, Nebraska,46.1
Dubuque County, Iowa,46.1
Jackson County, Oklahoma,46.1
Lucas County, Iowa,46.1
Knox County, Ohio,46.1
Hardin County, Kentucky,46
Benson County, North Dakota,46
Jack County, Texas,46
Franklin County, Kentucky,46
Orange County, Texas,46
Ripley County, Missouri,46
Madison County, Texas,46
Newton County, Indiana,46
Clay County, Alabama,46
Houston County, Alabama,45.9
Warren County, Illinois,45.9
Butler County, Missouri,45.9
Marlboro County, South Carolina,45.9
Clarion County, Pennsylvania,45.9
King and Queen County, Virginia,45.9
Tensas Parish, Louisiana,45.9
Livingston County, Illinois,45.9
Palo Pinto County, Texas,45.9
Wood County, West Virginia,45.8
Scott County, Tennessee,45.8
Kankakee County, Illinois,45.8
Cleveland County, North Carolina,45.8
Person County, North Carolina,45.8
Wexford County, Michigan,45.8
Knott County, Kentucky,45.8
Gulf County, Florida,45.8
Harrison County, Missouri,45.8
Hamilton County, Texas,45.8
Benton County, Indiana,45.8
Franklin County, Tennessee,45.7
White County, Georgia,45.7
Hill County, Texas,45.7
Lawrence County, Missouri,45.7
Clarendon County, South Carolina,45.7
Brown County, Texas,45.7
Scott County, Arkansas,45.7
Boone County, Kentucky,45.7
Covington County, Mississippi,45.7
Trinity County, Texas,45.7
Butler County, Pennsylvania,45.7
Pottawattamie County, Iowa,45.7
Richmond County, Virginia,45.7
Carbon County, Utah,45.6
Callahan County, Texas,45.6
Hardeman County, Tennessee,45.6
Orleans County, New York,45.6
Logan County, Ohio,45.6
Crosby County, Texas,45.6
Wyandot County, Ohio,45.6
Bureau County, Illinois,45.6
Washington County, Ohio,45.6
Cedar County, Missouri,45.6
Ware County, Georgia,45.6
Clay County, Indiana,45.6
Fayette County, Tennessee,45.6
Camden County, New Jersey,45.5
Grainger County, Tennessee,45.5
Posey County, Indiana,45.5
Kossuth County, Iowa,45.5
Isabella County, Michigan,45.5
Jefferson County, Pennsylvania,45.5
Tuscola County, Michigan,45.5
Wayne County, West Virginia,45.5
Ocean County, New Jersey,45.5
Taylor County, West Virginia,45.5
Hunt County, Texas,45.5
Bent County, Colorado,45.5
Sangamon County, Illinois,45.5
Laclede County, Missouri,45.5
Lee County, North Carolina,45.5
Whitley County, Indiana,45.4
Delaware County, New York,45.4
Belknap County, New Hampshire,45.4
Franklin County, Pennsylvania,45.4
Porter County, Indiana,45.4
Trumbull County, Ohio,45.4
Moore County, Tennessee,45.4
Hopkins County, Texas,45.4
Laurens County, South Carolina,45.4
St. Louis City, Missouri,45.3
Williams County, North Dakota,45.3
Pasquotank County, North Carolina,45.3
King George County, Virginia,45.3
Sharp County, Arkansas,45.3
McDuffie County, Georgia,45.3
Coffee County, Tennessee,45.3
Bedford County, Tennessee,45.3
Winston County, Mississippi,45.3
Sevier County, Arkansas,45.3
La Salle County, Illinois,45.3
Marion County, Texas,45.3
Peoria County, Illinois,45.3
Pearl River County, Mississippi,45.3
Alamosa County, Colorado,45.3
Hart County, Georgia,45.3
Delaware County, Pennsylvania,45.3
Calhoun County, Texas,45.3
Macon County, North Carolina,45.3
Tangipahoa Parish, Louisiana,45.3
Custer County, Oklahoma,45.2
Oldham County, Kentucky,45.2
Floyd County, Texas,45.2
Brantley County, Georgia,45.2
Valley County, Montana,45.2
Boyle County, Kentucky,45.2
Perry County, Ohio,45.2
Logan County, Oklahoma,45.2
Union County, South Carolina,45.2
Woodford County, Illinois,45.2
Wayne County, Georgia,45.1
Warren County, Tennessee,45.1
Marion County, South Carolina,45.1
Cook County, Illinois,45.1
Harrison County, Indiana,45.1
Massac County, Illinois,45.1
Warren County, Iowa,45.1
Saline County, Missouri,45.1
Jackson County, West Virginia,45.1
Randolph County, Arkansas,45
Grays Harbor County, Washington,45
Umatilla County, Oregon,45
Candler County, Georgia,45
Troup County, Georgia,45
Cecil County, Maryland,45
Wayne County, Iowa,45
Hertford County, North Carolina,45
Lee County, Texas,45
Laurens County, Georgia,45
Elliott County, Kentucky,45
Charlton County, Georgia,45
Anderson County, South Carolina,45
Douglas County, Wisconsin,45
Howell County, Missouri,44.9
York County, Pennsylvania,44.9
Ouachita County, Arkansas,44.9
Greene County, Alabama,44.8
Lenoir County, North Carolina,44.8
Early County, Georgia,44.8
Parke County, Indiana,44.8
Clinton County, Ohio,44.8
Putnam County, Florida,44.8
Jackson County, Texas,44.8
Uintah County, Utah,44.8
Monongalia County, West Virginia,44.8
Washington County, Colorado,44.8
Howard County, Iowa,44.8
Beckham County, Oklahoma,44.7
Taylor County, Florida,44.7
Pickens County, Georgia,44.7
Allamakee County, Iowa,44.7
Gilmer County, Georgia,44.7
Camden County, Georgia,44.7
Jones County, Texas,44.7
Vernon County, Missouri,44.7
Wells County, Indiana,44.7
Lucas County, Ohio,44.6
Bonner County, Idaho,44.6
St. Clair County, Illinois,44.6
Alpena County, Michigan,44.6
Ward County, North Dakota,44.6
Clay County, Illinois,44.6
Osceola County, Michigan,44.6
Jasper County, Missouri,44.6
Butler County, Nebraska,44.6
Gage County, Nebraska,44.5
Adair County, Oklahoma,44.5
Sequatchie County, Tennessee,44.5
Furnas County, Nebraska,44.5
Colquitt County, Georgia,44.5
Will County, Illinois,44.5
Louisa County, Virginia,44.5
Elbert County, Georgia,44.5
Caswell County, North Carolina,44.4
Wright County, Iowa,44.4
Fairfield County, South Carolina,44.4
Montgomery County, North Carolina,44.4
Hancock County, Kentucky,44.4
Cannon County, Tennessee,44.4
Jackson County, Ohio,44.4
Champaign County, Ohio,44.4
Webster Parish, Louisiana,44.4
Hancock County, Tennessee,44.4
Defiance County, Ohio,44.4
Grand Isle County, Vermont,44.4
Rogers County, Oklahoma,44.3
Ben Hill County, Georgia,44.3
Carroll County, Illinois,44.3
Clearfield County, Pennsylvania,44.3
Marinette County, Wisconsin,44.3
Columbia County, Wisconsin,44.3
Zavala County, Texas,44.3
Aroostook County, Maine,44.3
Venango County, Pennsylvania,44.3
Matagorda County, Texas,44.3
Adair County, Missouri,44.3
Wayne County, Indiana,44.2
Meigs County, Ohio,44.2
Clark County, Illinois,44.2
Jim Wells County, Texas,44.2
Jeff Davis County, Georgia,44.2
Daviess County, Indiana,44.2
Pittsylvania County, Virginia,44.2
Quay County, New Mexico,44.2
LaPorte County, Indiana,44.2
Canadian County, Oklahoma,44.2
Custer County, Nebraska,44.2
Paulding County, Georgia,44.2
Ouachita Parish, Louisiana,44.2
Richmond County, North Carolina,44.2
Rankin County, Mississippi,44.2
Herkimer County, New York,44.1
Honolulu County, Hawaii,44.1
New Kent County, Virginia,44.1
Bradford County, Pennsylvania,44.1
Bath County, Virginia,44.1
Kendall County, Illinois,44.1
Gloucester County, New Jersey,44.1
Marshall County, Alabama,44.1
Fall River County, South Dakota,44.1
Hardin County, Illinois,44.1
Halifax County, North Carolina,44
Haralson County, Georgia,44
Grand County, Utah,44
Taylor County, Georgia,44
Scurry County, Texas,44
Richland County, Ohio,44
Levy County, Florida,44
Nantucket County, Massachusetts,44
Muskingum County, Ohio,44
Major County, Oklahoma,43.9
Roscommon County, Michigan,43.9
Upshur County, West Virginia,43.9
DeKalb County, Tennessee,43.9
Buchanan County, Missouri,43.9
Dale County, Alabama,43.9
Hamblen County, Tennessee,43.9
Montague County, Texas,43.9
Starke County, Indiana,43.8
Tipton County, Tennessee,43.8
Dubois County, Indiana,43.8
Baltimore City, Maryland,43.8
Lawrence County, Ohio,43.8
Warren County, New York,43.8
Bowie County, Texas,43.8
Gratiot County, Michigan,43.8
Otero County, Colorado,43.8
Barbour County, West Virginia,43.8
DeKalb County, Indiana,43.8
Gray County, Texas,43.8
Davison County, South Dakota,43.8
Polk County, Iowa,43.8
Camden County, Missouri,43.7
Burt County, Nebraska,43.7
Ray County, Missouri,43.7
Sabine County, Texas,43.7
Brown County, Indiana,43.7
Benton County, Mississippi,43.7
White County, Illinois,43.7
Gallatin County, Kentucky,43.7
Scioto County, Ohio,43.7
Greene County, Georgia,43.7
Limestone County, Texas,43.7
Gentry County, Missouri,43.7
Stone County, Arkansas,43.7
Muskogee County, Oklahoma,43.7
Union Parish, Louisiana,43.7
Wayne County, Tennessee,43.7
Gibson County, Tennessee,43.7
Pamlico County, North Carolina,43.6
St. Clair County, Alabama,43.6
Milam County, Texas,43.6
Duchesne County, Utah,43.6
Moffat County, Colorado,43.6
Maui County, Hawaii,43.6
Benton County, Missouri,43.6
Washington Parish, Louisiana,43.6
Vigo County, Indiana,43.6
Boone County, Arkansas,43.6
Suffolk City, Virginia,43.6
Clayton County, Iowa,43.5
Clay County, Iowa,43.5
Robertson County, Tennessee,43.5
Henry County, Tennessee,43.5
Poweshiek County, Iowa,43.5
Rowan County, Kentucky,43.5
Franklin County, Missouri,43.5
Warren County, Kentucky,43.5
Long County, Georgia,43.5
Bryan County, Oklahoma,43.5
Rutherford County, North Carolina,43.5
Des Moines County, Iowa,43.4
Pontotoc County, Oklahoma,43.4
McLean County, Illinois,43.4
Davis County, Iowa,43.4
Clay County, North Carolina,43.4
Lewis County, Missouri,43.4
Choctaw County, Mississippi,43.4
Adams County, Nebraska,43.4
White County, Indiana,43.4
Forrest County, Mississippi,43.4
Rockdale County, Georgia,43.4
Cuyahoga County, Ohio,43.3
Lake County, Tennessee,43.3
Gaston County, North Carolina,43.3
Humphreys County, Tennessee,43.3
Polk County, Florida,43.3
Angelina County, Texas,43.3
Essex County, New Jersey,43.3
Richmond County, New York,43.3
Josephine County, Oregon,43.3
Walker County, Alabama,43.3
Indiana County, Pennsylvania,43.3
Charlevoix County, Michigan,43.3
Grant County, Wisconsin,43.3
DeKalb County, Illinois,43.3
Cumberland County, Pennsylvania,43.3
DeSoto County, Mississippi,43.3
Searcy County, Arkansas,43.3
Jackson County, Alabama,43.3
St. Tammany Parish, Louisiana,43.3
Fulton County, Pennsylvania,43.3
Jones County, Mississippi,43.2
Garfield County, Oklahoma,43.2
Chicot County, Arkansas,43.2
Caldwell County, North Carolina,43.2
Putnam County, West Virginia,43.2
Lake County, Ohio,43.2
Duval County, Florida,43.2
Benton County, Tennessee,43.2
Burleson County, Texas,43.2
Ketchikan Gateway Borough, Alaska,43.2
Jennings County, Indiana,43.1
Stephenson County, Illinois,43.1
Trigg County, Kentucky,43.1
Faulkner County, Arkansas,43.1
Nolan County, Texas,43.1
Tippecanoe County, Indiana,43.1
Lycoming County, Pennsylvania,43
Miller County, Georgia,43
McKean County, Pennsylvania,43
Reynolds County, Missouri,43
Campbell County, Tennessee,43
Shelby County, Tennessee,43
Pulaski County, Missouri,43
Carter County, Oklahoma,43
Adams County, Illinois,43
Towns County, Georgia,43
Wilkes County, Georgia,43
Lauderdale County, Mississippi,43
Westmoreland County, Pennsylvania,43
Ellis County, Texas,42.9
Livingston Parish, Louisiana,42.9
Yates County, New York,42.9
Franklin County, New York,42.9
McCracken County, Kentucky,42.9
Carbon County, Montana,42.9
Morgan County, West Virginia,42.9
Madison County, Arkansas,42.8
Cass County, Missouri,42.8
Puerto Rico,6,42.8
Monroe County, Wisconsin,42.8
Washington County, Iowa,42.8
Coryell County, Texas,42.8
Washington County, Arkansas,42.8
Holt County, Missouri,42.8
Ontonagon County, Michigan,42.8
Hawkins County, Tennessee,42.8
Decatur County, Indiana,42.8
Pope County, Arkansas,42.8
Middlesex County, Virginia,42.8
Wood County, Texas,42.8
Nemaha County, Nebraska,42.7
Lincoln County, Georgia,42.7
Morgan County, Alabama,42.7
Howard County, Texas,42.7
Pike County, Indiana,42.7
Clearwater County, Idaho,42.7
Floyd County, Georgia,42.7
Strafford County, New Hampshire,42.7
Lauderdale County, Alabama,42.7
Clinton County, Missouri,42.7
Island County, Washington,42.6
Hopkins County, Kentucky,42.6
Perry County, Mississippi,42.6
Ross County, Ohio,42.6
Grundy County, Missouri,42.6
Castro County, Texas,42.5
Pike County, Ohio,42.5
Marion County, Missouri,42.5
West Feliciana Parish, Louisiana,42.5
Henry County, Illinois,42.5
Brazoria County, Texas,42.5
Mayes County, Oklahoma,42.5
Claiborne Parish, Louisiana,42.5
Sussex County, New Jersey,42.5
Elkhart County, Indiana,42.5
Tulsa County, Oklahoma,42.5
White County, Tennessee,42.5
Lenawee County, Michigan,42.5
Jefferson County, Arkansas,42.5
Cleburne County, Arkansas,42.5
Whiteside County, Illinois,42.5
Love County, Oklahoma,42.4
Seminole County, Oklahoma,42.4
Hancock County, Maine,42.4
Bottineau County, North Dakota,42.4
Butler County, Alabama,42.4
Bradley County, Tennessee,42.4
Paulding County, Ohio,42.4
Windham County, Vermont,42.4
Lancaster County, South Carolina,42.4
Smith County, Texas,42.4
Clark County, Wisconsin,42.4
Boone County, Missouri,42.4
Portsmouth City, Virginia,42.3
Hockley County, Texas,42.3
Norfolk City, Virginia,42.3
Orleans Parish, Louisiana,42.3
Wyoming County, Pennsylvania,42.3
Lewis and Clark County, Montana,42.3
Panola County, Texas,42.3
Guadalupe County, Texas,42.3
Clarke County, Iowa,42.3
Chautauqua County, New York,42.3
Hardin County, Texas,42.3
Douglas County, Georgia,42.3
Madison County, Montana,42.3
Kanawha County, West Virginia,42.3
Greene County, New York,42.3
Willacy County, Texas,42.3
Carroll County, Maryland,42.3
Lincoln County, Wisconsin,42.3
Butler County, Ohio,42.2
Livingston County, Missouri,42.2
Caldwell County, Missouri,42.2
Mohave County, Arizona,42.2
Crockett County, Tennessee,42.2
Page County, Virginia,42.2
Mifflin County, Pennsylvania,42.2
Crawford County, Ohio,42.2
Dillon County, South Carolina,42.2
Titus County, Texas,42.2
Baraga County, Michigan,42.2
Floyd County, Iowa,42.2
Custer County, South Dakota,42.2
Sheridan County, Nebraska,42.2
Randolph County, Georgia,42.2
Johnson County, Indiana,42.1
Atlantic County, New Jersey,42.1
Southampton County, Virginia,42.1
Austin County, Texas,42.1
Swisher County, Texas,42.1
Rensselaer County, New York,42.1
Sarpy County, Nebraska,42.1
Montgomery County, Alabama,42.1
Bingham County, Idaho,42.1
Oktibbeha County, Mississippi,42.1
Milwaukee County, Wisconsin,42.1
Caledonia County, Vermont,42.1
Steuben County, Indiana,42.1
Wayne County, North Carolina,42.1
Gem County, Idaho,42
Barnes County, North Dakota,42
Kings County, New York,42
Sumter County, South Carolina,42
Madison County, Illinois,42
Carroll County, Ohio,42
Baldwin County, Georgia,42
Lynchburg City, Virginia,42
St. Lawrence County, New York,42
Putnam County, New York,42
Columbia County, New York,42
Huron County, Michigan,42
Berrien County, Michigan,41.9
Cedar County, Iowa,41.9
Franklin County, Alabama,41.9
Henry County, Georgia,41.9
Monroe County, Indiana,41.9
Lunenburg County, Virginia,41.9
DeKalb County, Missouri,41.9
Winneshiek County, Iowa,41.9
San Bernardino County, California,41.9
Colorado County, Texas,41.9
Monmouth County, New Jersey,41.9
San Benito County, California,41.9
Douglas County, Nebraska,41.9
Summers County, West Virginia,41.9
Clark County, Ohio,41.9
LaFourche Parish, Louisiana,41.9
Oconee County, Georgia,41.9
Camp County, Texas,41.9
McClain County, Oklahoma,41.9
Lumpkin County, Georgia,41.9
Madison County, Tennessee,41.9
Lincoln County, Oklahoma,41.9
Lonoke County, Arkansas,41.9
Henry County, Virginia,41.9
Ashe County, North Carolina,41.9
Otsego County, New York,41.9
Beaufort County, North Carolina,41.8
Marion County, Tennessee,41.8
Washburn County, Wisconsin,41.8
Lake County, Florida,41.8
Robeson County, North Carolina,41.8
Osage County, Oklahoma,41.8
Lake County, California,41.8
Fulton County, New York,41.8
Bay County, Michigan,41.8
Polk County, Wisconsin,41.8
Scott County, Kentucky,41.8
Liberty County, Georgia,41.8
Clatsop County, Oregon,41.8
Iredell County, North Carolina,41.8
Taylor County, Texas,41.7
Livingston County, New York,41.7
Windham County, Connecticut,41.7
Red River County, Texas,41.7
Gasconade County, Missouri,41.7
Sanders County, Montana,41.7
Dyer County, Tennessee,41.7
Bossier Parish, Louisiana,41.7
Huron County, Ohio,41.7
Tift County, Georgia,41.7
Sawyer County, Wisconsin,41.7
Henderson County, Illinois,41.7
Jefferson County, Missouri,41.6
Calhoun County, South Carolina,41.6
Vanderburgh County, Indiana,41.6
Middlesex County, New Jersey,41.6
Richmond City, Virginia,41.6
Audrain County, Missouri,41.6
Conecuh County, Alabama,41.6
Ector County, Texas,41.6
Scott County, Iowa,41.6
Payne County, Oklahoma,41.6
Rutherford County, Tennessee,41.6
Chester County, Tennessee,41.6
Morris County, Texas,41.6
Baldwin County, Alabama,41.6
Lackawanna County, Pennsylvania,41.6
Avery County, North Carolina,41.5
Saline County, Arkansas,41.5
Rains County, Texas,41.5
Val Verde County, Texas,41.5
Dauphin County, Pennsylvania,41.5
Brooks County, Georgia,41.5
Vinton County, Ohio,41.5
Graves County, Kentucky,41.5
Licking County, Ohio,41.5
Obion County, Tennessee,41.5
Liberty County, Texas,41.5
Chesterfield County, South Carolina,41.5
Tuscaloosa County, Alabama,41.5
Graham County, North Carolina,41.5
Kaufman County, Texas,41.5
Williams County, Ohio,41.5
Orange County, New York,41.5
Price County, Wisconsin,41.4
Franklin County, Virginia,41.4
Madison County, North Carolina,41.4
Dukes County, Massachusetts,41.4
Phelps County, Missouri,41.4
Beaver County, Pennsylvania,41.4
Steuben County, New York,41.4
Polk County, Missouri,41.4
Jackson County, Mississippi,41.4
St. Joseph County, Indiana,41.4
Tioga County, New York,41.4
Hot Springs County, Wyoming,41.4
Hudson County, New Jersey,41.4
Saratoga County, New York,41.3
Kemper County, Mississippi,41.3
Dawes County, Nebraska,41.3
Floyd County, Indiana,41.3
Appling County, Georgia,41.3
Colleton County, South Carolina,41.3
Kent County, Delaware,41.3
San Patricio County, Texas,41.3
Mason County, Washington,41.3
Hickman County, Tennessee,41.3
Huntington County, Indiana,41.2
Smith County, Mississippi,41.2
Lehigh County, Pennsylvania,41.2
Niagara County, New York,41.2
Benewah County, Idaho,41.2
Lorain County, Ohio,41.2
Coweta County, Georgia,41.2
Berrien County, Georgia,41.2
Shiawassee County, Michigan,41.2
Luna County, New Mexico,41.2
Mitchell County, North Carolina,41.2
Potter County, Texas,41.1
Perry County, Pennsylvania,41.1
Webster County, Iowa,41.1
Covington City, Virginia,41.1
Cortland County, New York,41.1
Day County, South Dakota,41.1
Pueblo County, Colorado,41.1
Miami-Dade County, Florida,41.1
Amite County, Mississippi,41.1
Owen County, Indiana,41.1
Seneca County, New York,41.1
Marshall County, Iowa,41.1
Wayne County, Ohio,41.1
St. Louis County, Missouri,41.1
Hancock County, Indiana,41
Logan County, Colorado,41
Fayette County, Texas,41
Monroe County, Pennsylvania,41
Upshur County, Texas,41
Powell County, Montana,41
Stephens County, Texas,41
Noble County, Indiana,41
Surry County, North Carolina,41
Lowndes County, Georgia,41
San Miguel County, New Mexico,41
Wythe County, Virginia,41
Benton County, Arkansas,41
Hunterdon County, New Jersey,41
Worcester County, Maryland,41
Madison County, Virginia,40.9
East Baton Rouge Parish, Louisiana,40.9
Allegheny County, Pennsylvania,40.9
Randolph County, North Carolina,40.9
Madison County, Mississippi,40.9
District of Columbia,6,40.9
Waldo County, Maine,40.9
Cherokee County, Oklahoma,40.9
Jackson County, Missouri,40.9
Craighead County, Arkansas,40.9
Hardin County, Tennessee,40.9
Prowers County, Colorado,40.9
Wayne County, New York,40.9
Clermont County, Ohio,40.8
Rusk County, Texas,40.8
Monroe County, Illinois,40.8
Cherry County, Nebraska,40.8
Erie County, New York,40.8
McHenry County, Illinois,40.8
Union County, Tennessee,40.8
Hamilton County, Nebraska,40.8
Lawrence County, South Dakota,40.8
Winston County, Alabama,40.8
Wichita County, Texas,40.8
Barrow County, Georgia,40.8
Yell County, Arkansas,40.8
Pike County, Pennsylvania,40.7
Schoharie County, New York,40.7
Jefferson County, Texas,40.7
Dorchester County, South Carolina,40.7
Dixie County, Florida,40.7
Warren County, Indiana,40.7
Jefferson Parish, Louisiana,40.7
Sauk County, Wisconsin,40.7
Queens County, New York,40.7
Franklin County, Indiana,40.7
Crawford County, Wisconsin,40.7
Coos County, New Hampshire,40.7
Bibb County, Alabama,40.7
Auglaize County, Ohio,40.7
Jefferson County, Montana,40.6
Madison County, Indiana,40.6
Boone County, Nebraska,40.6
Garland County, Arkansas,40.6
Abbeville County, South Carolina,40.6
Wallowa County, Oregon,40.6
Iosco County, Michigan,40.6
Lawrence County, Pennsylvania,40.6
DeKalb County, Georgia,40.6
Carbon County, Pennsylvania,40.6
Flathead County, Montana,40.6
Clinton County, Indiana,40.6
Crawford County, Iowa,40.6
Wicomico County, Maryland,40.6
Chippewa County, Wisconsin,40.6
Hancock County, Ohio,40.6
Henrico County, Virginia,40.6
Dearborn County, Indiana,40.5
Dodge County, Georgia,40.5
Jefferson County, West Virginia,40.5
Randolph County, Indiana,40.5
Macomb County, Michigan,40.5
Anderson County, Texas,40.5
Lancaster County, Nebraska,40.5
Oklahoma County, Oklahoma,40.5
Butte County, California,40.5
Citrus County, Florida,40.5
Bronx County, New York,40.5
Jefferson County, Idaho,40.5
Lewis County, Washington,40.5
Fillmore County, Nebraska,40.5
Pickens County, South Carolina,40.5
Jefferson County, Iowa,40.5
Suffolk County, New York,40.5
Union County, New Jersey,40.4
Halifax County with South Boston City, Virginia,40.4
Caribou County, Idaho,40.4
Catawba County, North Carolina,40.4
Morgan County, Tennessee,40.4
McMinn County, Tennessee,40.4
Perquimans County, North Carolina,40.4
Woodruff County, Arkansas,40.4
Chickasaw County, Iowa,40.4
Jefferson County, Alabama,40.4
Clinton County, Illinois,40.3
Perry County, Missouri,40.3
Dinwiddie County, Virginia,40.3
Fremont County, Iowa,40.3
Maury County, Tennessee,40.3
Lafayette County, Missouri,40.3
Kershaw County, South Carolina,40.3
Portage County, Ohio,40.3
Thurston County, Washington,40.3
Hillsborough County, Florida,40.3
Stephens County, Oklahoma,40.3
Berks County, Pennsylvania,40.3
Johnson County, Arkansas,40.2
Hampton County, South Carolina,40.2
Iron County, Utah,40.2
Washakie County, Wyoming,40.2
Cobb County, Georgia,40.2
Cocke County, Tennessee,40.2
Montmorency County, Michigan,40.2
Sebastian County, Arkansas,40.2
Davidson County, North Carolina,40.2
Tallapoosa County, Alabama,40.2
Jefferson County, Oregon,40.2
Albany County, New York,40.2
Hamilton County, Iowa,40.2
Sabine Parish, Louisiana,40.2
Jefferson County, Florida,40.1
Bledsoe County, Tennessee,40.1
Sullivan County, New Hampshire,40.1
Cowlitz County, Washington,40.1
Cherokee County, Iowa,40.1
Bollinger County, Missouri,40.1
Fremont County, Idaho,40.1
Walworth County, Wisconsin,40.1
Washington County, New York,40.1
Augusta County, Virginia,40.1
DeKalb County, Alabama,40
Northumberland County, Pennsylvania,40
Pike County, Alabama,40
Pocahontas County, West Virginia,40
Cooke County, Texas,40
Madison County, New York,40
Crisp County, Georgia,40
Lawrence County, Illinois,40
Juniata County, Pennsylvania,40
Lee County, Illinois,40
Carter County, Tennessee,40
Passaic County, New Jersey,40
Stanislaus County, California,40
Howard County, Indiana,40
Berkshire County, Massachusetts,40
Wayne County, Pennsylvania,40
Johnson County, Wyoming,39.9
Medina County, Ohio,39.9
McIntosh County, Georgia,39.9
Klamath County, Oregon,39.9
Cheatham County, Tennessee,39.9
Racine County, Wisconsin,39.9
Georgetown County, South Carolina,39.9
Butts County, Georgia,39.9
Hampden County, Massachusetts,39.9
Anderson County, Tennessee,39.9
Tehama County, California,39.9
Shelby County, Alabama,39.9
Ohio County, West Virginia,39.9
Pasco County, Florida,39.9
Chatham County, Georgia,39.9
Saluda County, South Carolina,39.9
Buena Vista County, Iowa,39.8
Orange County, Florida,39.8
Smyth County, Virginia,39.8
Morgan County, Ohio,39.8
Houghton County, Michigan,39.8
Flagler County, Florida,39.8
Walker County, Texas,39.8
Northampton County, Pennsylvania,39.8
Malheur County, Oregon,39.8
Onondaga County, New York,39.8
Winnebago County, Illinois,39.7
Jackson County, Illinois,39.7
Bosque County, Texas,39.7
Pittsburg County, Oklahoma,39.7
Buckingham County, Virginia,39.7
Meade County, Kentucky,39.7
Caldwell County, Kentucky,39.7
Franklin County, North Carolina,39.7
Bartholomew County, Indiana,39.7
Clallam County, Washington,39.7
Callaway County, Missouri,39.7
Onslow County, North Carolina,39.7
Roane County, Tennessee,39.7
Fergus County, Montana,39.7
Dimmit County, Texas,39.6
Snyder County, Pennsylvania,39.6
Bay County, Florida,39.6
Hartford County, Connecticut,39.6
Jackson County, North Carolina,39.6
Rowan County, North Carolina,39.6
Pleasants County, West Virginia,39.6
Greenwood County, South Carolina,39.6
Belmont County, Ohio,39.6
Alcorn County, Mississippi,39.6
Harford County, Maryland,39.6
Stokes County, North Carolina,39.6
Lee County, Kentucky,39.6
Clinton County, New York,39.6
Ripley County, Indiana,39.6
Kenai Peninsula Borough, Alaska,39.6
Lincoln County, Maine,39.6
Adams County, Pennsylvania,39.6
Brunswick County, Virginia,39.6
Atascosa County, Texas,39.6
Sacramento County, California,39.5
Jefferson County, Ohio,39.5
Pickaway County, Ohio,39.5
Newport News City, Virginia,39.5
Alachua County, Florida,39.5
Adams County, Colorado,39.5
Oswego County, New York,39.5
Mercer County, New Jersey,39.5
Woodford County, Kentucky,39.5
Bucks County, Pennsylvania,39.5
Campbell County, Virginia,39.5
Marion County, Florida,39.5
Kleberg County, Texas,39.5
Cameron County, Texas,39.5
Tripp County, South Dakota,39.5
Hamilton County, Ohio,39.5
Lincoln County, Nebraska,39.5
Butler County, Iowa,39.5
Woodward County, Oklahoma,39.5
Oxford County, Maine,39.4
Rio Arriba County, New Mexico,39.4
Boone County, Iowa,39.4
Newton County, Missouri,39.4
Matanuska-Susitna Borough, Alaska,39.4
Jessamine County, Kentucky,39.4
Sullivan County, New York,39.4
Wilkes County, North Carolina,39.4
Beauregard Parish, Louisiana,39.4
Woods County, Oklahoma,39.4
Benzie County, Michigan,39.4
Clay County, Missouri,39.4
Delaware County, Indiana,39.4
Carteret County, North Carolina,39.4
Van Buren County, Arkansas,39.3
Pottawatomie County, Oklahoma,39.3
Delaware County, Oklahoma,39.3
Prentiss County, Mississippi,39.3
Baker County, Florida,39.3
Hampshire County, Massachusetts,39.3
Gooding County, Idaho,39.3
Daviess County, Kentucky,39.3
Rock Island County, Illinois,39.2
Marion County, Indiana,39.2
Allen County, Indiana,39.2
Johnson County, Iowa,39.2
Ward County, Texas,39.2
Atchison County, Missouri,39.2
Weakley County, Tennessee,39.1
McKinley County, New Mexico,39.1
Forsyth County, Georgia,39.1
Hood County, Texas,39.1
Franklin County, Ohio,39.1
Merced County, California,39.1
Pennington County, South Dakota,39.1
Kenosha County, Wisconsin,39.1
Atoka County, Oklahoma,39.1
Horry County, South Carolina,39.1
Garrett County, Maryland,39.1
Macon County, Tennessee,39.1
Howard County, Missouri,39
Crawford County, Indiana,39
Rockingham County, New Hampshire,39
Anchorage Borough, Alaska,39
Kootenai County, Idaho,39
Lewis County, Tennessee,39
Greene County, Tennessee,39
Essex County, New York,39
Van Zandt County, Texas,39
Lamb County, Texas,39
Johnson County, Texas,39
Silver Bow County, Montana,39
Susquehanna County, Pennsylvania,38.9
Clay County, Florida,38.9
Tioga County, Pennsylvania,38.9
Pierce County, Washington,38.9
Bristol County, Massachusetts,38.9
Genesee County, Michigan,38.9
Ulster County, New York,38.9
Clay County, Texas,38.9
Cass County, Nebraska,38.9
Lincoln County, Missouri,38.9
Montgomery County, Pennsylvania,38.8
Hall County, Georgia,38.8
Rock County, Wisconsin,38.8
Osceola County, Florida,38.8
Suwannee County, Florida,38.8
Millard County, Utah,38.8
Calhoun County, Florida,38.8
Sumner County, Tennessee,38.8
Blount County, Tennessee,38.8
Franklin County, Vermont,38.8
Cass County, North Dakota,38.8
Maries County, Missouri,38.8
Presque Isle County, Michigan,38.8
Harnett County, North Carolina,38.8
Carroll County, Arkansas,38.8
Harris County, Texas,38.8
Bell County, Texas,38.8
Geauga County, Ohio,38.7
Fayette County, Kentucky,38.7
Hamilton County, Florida,38.7
St. Charles Parish, Louisiana,38.7
Pierce County, Georgia,38.7
Warren County, Pennsylvania,38.7
Alexander County, North Carolina,38.7
Stone County, Missouri,38.7
Dakota County, Nebraska,38.7
Calloway County, Kentucky,38.7
Glynn County, Georgia,38.7
Cumberland County, Tennessee,38.7
Bedford City and County, Virginia,38.7
Adams County, Washington,38.7
Lapeer County, Michigan,38.7
Erath County, Texas,38.6
DuPage County, Illinois,38.6
Elmore County, Alabama,38.6
Clarke County, Georgia,38.6
Chemung County, New York,38.6
Fremont County, Colorado,38.6
Nassau County, New York,38.6
Madison County, Ohio,38.6
Lubbock County, Texas,38.6
Hanover County, Virginia,38.6
Tillman County, Oklahoma,38.6
Kewaunee County, Wisconsin,38.6
Genesee County, New York,38.5
Emmet County, Michigan,38.5
Nueces County, Texas,38.5
Spartanburg County, South Carolina,38.5
Ingham County, Michigan,38.5
Madison County, Alabama,38.5
Douglas County, Illinois,38.5
Duplin County, North Carolina,38.5
Limestone County, Alabama,38.5
Fond du Lac County, Wisconsin,38.5
Houston County, Texas,38.5
Skagit County, Washington,38.5
Madison County, Iowa,38.4
Sevier County, Tennessee,38.4
Bee County, Texas,38.4
Walton County, Florida,38.4
Rockbridge County, Virginia,38.4
Sonoma County, California,38.4
Crook County, Oregon,38.4
Union County, Pennsylvania,38.4
McCulloch County, Texas,38.4
Huntingdon County, Pennsylvania,38.4
Dickenson County, Virginia,38.4
San Joaquin County, California,38.4
Canyon County, Idaho,38.4
Rusk County, Wisconsin,38.4
Jackson County, Wisconsin,38.3
Newport County, Rhode Island,38.3
Dallas County, Texas,38.3
Bergen County, New Jersey,38.3
Oregon County, Missouri,38.3
Contra Costa County, California,38.3
Christian County, Missouri,38.3
Litchfield County, Connecticut,38.3
New Haven County, Connecticut,38.3
Broward County, Florida,38.3
Manassas City, Virginia,38.3
Putnam County, Tennessee,38.3
Orleans County, Vermont,38.2
Washita County, Oklahoma,38.2
Spotsylvania County, Virginia,38.2
Baltimore County, Maryland,38.2
Hot Spring County, Arkansas,38.2
Johnson County, Tennessee,38.2
Roanoke County, Virginia,38.2
Brooke County, West Virginia,38.2
Las Animas County, Colorado,38.2
Dare County, North Carolina,38.2
Buchanan County, Iowa,38.2
Sullivan County, Pennsylvania,38.2
Rush County, Indiana,38.2
Charles County, Maryland,38.2
Ozark County, Missouri,38.2
Waupaca County, Wisconsin,38.1
Maverick County, Texas,38.1
Miami County, Ohio,38.1
Story County, Iowa,38.1
Walton County, Georgia,38.1
Wayne County, Illinois,38.1
Franklin County, Arkansas,38.1
Yankton County, South Dakota,38.1
Snohomish County, Washington,38.1
Fulton County, Georgia,38.1
Morgan County, Kentucky,38.1
Washington County, Maryland,38.1
Marshall County, Oklahoma,38.1
Brazos County, Texas,38.1
Davie County, North Carolina,38.1
Jackson County, Michigan,38.1
Orange County, Vermont,38.1
Southeast Fairbanks Census Area, Alaska,38.1
Lee County, South Carolina,38.1
Valdez-Cordova Census Area, Alaska,38
Tyler County, Texas,38
Boone County, Illinois,38
Big Horn County, Wyoming,38
Piscataquis County, Maine,38
Accomack County, Virginia,38
Cleveland County, Oklahoma,38
Lake County, Illinois,38
Coleman County, Texas,38
Davidson County, Tennessee,38
Brown County, South Dakota,38
Henry County, Alabama,37.9
Henderson County, North Carolina,37.9
Pender County, North Carolina,37.9
Lebanon County, Pennsylvania,37.9
Warren County, Virginia,37.9
Polk County, Oregon,37.9
Polk County, Arkansas,37.9
Rockingham County, Virginia,37.9
Grimes County, Texas,37.9
Blount County, Alabama,37.9
Bertie County, North Carolina,37.9
Ballard County, Kentucky,37.9
Denver County, Colorado,37.9
Middlesex County, Connecticut,37.9
Suffolk County, Massachusetts,37.9
Benton County, Washington,37.9
Nassau County, Florida,37.8
Columbia County, Florida,37.8
Grafton County, New Hampshire,37.8
Ascension Parish, Louisiana,37.8
El Paso County, Texas,37.8
Volusia County, Florida,37.8
Rutland County, Vermont,37.8
Taney County, Missouri,37.8
Berkeley County, South Carolina,37.8
Kent County, Rhode Island,37.8
Live Oak County, Texas,37.8
Franklin County, Washington,37.8
St. Clair County, Michigan,37.7
Cochise County, Arizona,37.7
Fayette County, Indiana,37.7
Parker County, Texas,37.7
Colfax County, New Mexico,37.7
Oakland County, Michigan,37.7
Bullock County, Alabama,37.7
Surry County, Virginia,37.7
Montgomery County, Ohio,37.7
Monroe County, New York,37.7
Lamoille County, Vermont,37.7
Eau Claire County, Wisconsin,37.7
Mitchell County, Iowa,37.7
Plymouth County, Massachusetts,37.7
Marshall County, Indiana,37.7
Plaquemines Parish, Louisiana,37.7
Bexar County, Texas,37.7
Riverside County, California,37.7
San Francisco County, California,37.7
Linn County, Iowa,37.7
Hamilton County, Tennessee,37.6
Cayuga County, New York,37.6
Cape Girardeau County, Missouri,37.6
Black Hawk County, Iowa,37.6
Amherst County, Virginia,37.6
Ochiltree County, Texas,37.6
Wakulla County, Florida,37.6
Grand Traverse County, Michigan,37.6
Mercer County, Illinois,37.5
Pulaski County, Virginia,37.5
Greene County, Indiana,37.5
Botetourt County, Virginia,37.5
Stafford County, Virginia,37.5
Northampton County, Virginia,37.5
Parmer County, Texas,37.5
Prince Georges County, Maryland,37.5
Fairbanks North Star, Alaska,37.5
Scotts Bluff County, Nebraska,37.5
Harrison County, Texas,37.4
Osage County, Missouri,37.4
Union County, Ohio,37.4
Cheshire County, New Hampshire,37.4
Dutchess County, New York,37.4
Charlottesville City, Virginia,37.4
Chilton County, Alabama,37.4
Glades County, Florida,37.4
Gwinnett County, Georgia,37.4
Johnson County, Georgia,37.4
Montgomery County, Arkansas,37.4
Freestone County, Texas,37.4
Isle of Wight County, Virginia,37.4
Union County, Oregon,37.4
Stone County, Mississippi,37.3
Meade County, South Dakota,37.3
Yellowstone County, Montana,37.3
Kent County, Maryland,37.3
Cole County, Missouri,37.3
Escambia County, Florida,37.3
Kauai County, Hawaii,37.3
Washington County, Tennessee,37.3
Chippewa County, Michigan,37.3
Monroe County, Georgia,37.3
Sanilac County, Michigan,37.3
Yuba County, California,37.3
Shasta County, California,37.2
Putnam County, Ohio,37.2
Lincoln Parish, Louisiana,37.2
Hill County, Montana,37.2
Forsyth County, North Carolina,37.2
Gonzales County, Texas,37.2
Richmond County, Georgia,37.2
Barron County, Wisconsin,37.1
Tuscarawas County, Ohio,37.1
Marion County, Georgia,37.1
Portage County, Wisconsin,37.1
Lancaster County, Pennsylvania,37.1
Otsego County, Michigan,37.1
Spencer County, Indiana,37.1
Hughes County, Oklahoma,37.1
Bradford County, Florida,37.1
Multnomah County, Oregon,37.1
Aransas County, Texas,37.1
Chowan County, North Carolina,37.1
Somerset County, Maine,37.1
Jefferson County, Tennessee,37
Greene County, Missouri,37
Twin Falls County, Idaho,37
Middlesex County, Massachusetts,37
Grant County, Washington,37
Erie County, Pennsylvania,37
Tarrant County, Texas,37
Calvert County, Maryland,37
Norfolk County, Massachusetts,37
Los Angeles County, California,37
Owen County, Kentucky,37
Marion County, Oregon,37
Westchester County, New York,37
Summit County, Ohio,37
Cherokee County, Georgia,37
Mineral County, West Virginia,36.9
Pulaski County, Arkansas,36.9
Saginaw County, Michigan,36.9
Webb County, Texas,36.9
Perry County, Indiana,36.9
Yamhill County, Oregon,36.9
Clare County, Michigan,36.9
Broome County, New York,36.9
Edgecombe County, North Carolina,36.9
Mercer County, North Dakota,36.9
McLennan County, Texas,36.9
Washington County, Oklahoma,36.9
Johnston County, Oklahoma,36.9
Ramsey County, North Dakota,36.9
Frederick County, Maryland,36.9
Frederick County, Virginia,36.8
Hancock County, Illinois,36.8
Walla Walla County, Washington,36.8
Rio Grande County, Colorado,36.8
Greenlee County, Arizona,36.8
Chesterfield County, Virginia,36.8
Oconee County, South Carolina,36.8
Cass County, Texas,36.8
Moultrie County, Illinois,36.8
Nowata County, Oklahoma,36.8
Jo Daviess County, Illinois,36.7
Humboldt County, California,36.7
Imperial County, California,36.7
Sussex County, Delaware,36.7
Solano County, California,36.7
Tom Green County, Texas,36.7
Edgefield County, South Carolina,36.7
Dent County, Missouri,36.7
Pickens County, Alabama,36.7
Ottawa County, Oklahoma,36.7
Essex County, Virginia,36.6
Wasco County, Oregon,36.6
Delaware County, Iowa,36.6
Carroll County, Tennessee,36.6
Hernando County, Florida,36.6
Montgomery County, Texas,36.6
Outagamie County, Wisconsin,36.6
Runnels County, Texas,36.6
Hancock County, Mississippi,36.6
Saunders County, Nebraska,36.5
Morris County, New Jersey,36.5
Brunswick County, North Carolina,36.5
Ogle County, Illinois,36.5
Stanly County, North Carolina,36.5
Pinellas County, Florida,36.5
Charles City County, Virginia,36.5
Cherokee County, Alabama,36.5
Roberts County, South Dakota,36.5
Frio County, Texas,36.5
Kitsap County, Washington,36.5
Hendricks County, Indiana,36.5
Nash County, North Carolina,36.4
New London County, Connecticut,36.4
Marquette County, Michigan,36.4
Hardy County, West Virginia,36.4
Warren County, Ohio,36.4
Culpeper County, Virginia,36.4
Falls County, Texas,36.4
Toombs County, Georgia,36.4
Waukesha County, Wisconsin,36.4
York County, South Carolina,36.4
Columbus County, North Carolina,36.4
Cedar County, Nebraska,36.3
Colonial Heights City, Virginia,36.3
Lawrence County, Tennessee,36.3
Centre County, Pennsylvania,36.3
Franklin County, Maine,36.3
Brevard County, Florida,36.3
Baxter County, Arkansas,36.3
Jackson County, Oregon,36.3
Lake County, Montana,36.2
Lamar County, Mississippi,36.2
Roosevelt County, New Mexico,36.2
Hutchinson County, Texas,36.2
Hempstead County, Arkansas,36.2
Coosa County, Alabama,36.2
Washington County, Vermont,36.2
Telfair County, Georgia,36.2
Providence County, Rhode Island,36.2
Burnet County, Texas,36.2
Androscoggin County, Maine,36.2
Cullman County, Alabama,36.2
Delaware County, Ohio,36.2
New Castle County, Delaware,36.2
Graham County, Arizona,36.2
Unicoi County, Tennessee,36.2
Marion County, Arkansas,36.2
Wilson County, Tennessee,36.2
Nevada County, Arkansas,36.2
Mariposa County, California,36.1
Warren County, Missouri,36.1
El Paso County, Colorado,36.1
Van Buren County, Michigan,36.1
Penobscot County, Maine,36.1
Guilford County, North Carolina,36.1
Hawaii County, Hawaii,36.1
Greene County, Ohio,36.1
Clackamas County, Oregon,36.1
Hale County, Alabama,36.1
Rockland County, New York,36
Cascade County, Montana,36
Kern County, California,36
Union County, North Carolina,36
Kodiak Island Borough, Alaska,36
Brown County, Wisconsin,36
Chelan County, Washington,36
Piatt County, Illinois,36
Crawford County, Georgia,36
Midland County, Texas,36
Sheboygan County, Wisconsin,36
Okaloosa County, Florida,36
Kerr County, Texas,35.9
Ozaukee County, Wisconsin,35.9
Somerset County, New Jersey,35.9
Mackinac County, Michigan,35.9
Gates County, North Carolina,35.9
Madison County, Idaho,35.9
Kennebec County, Maine,35.9
St. Helena Parish, Louisiana,35.8
Tolland County, Connecticut,35.8
Alamance County, North Carolina,35.8
Clark County, Arkansas,35.8
Cherokee County, Texas,35.8
LaGrange County, Indiana,35.8
Stark County, Ohio,35.8
Del Norte County, California,35.8
Sullivan County, Tennessee,35.8
Sheridan County, Wyoming,35.8
Essex County, Massachusetts,35.8
Salem City, Virginia,35.8
Hillsborough County, New Hampshire,35.8
Cherokee County, North Carolina,35.8
Boundary County, Idaho,35.7
Montgomery County, Tennessee,35.7
Napa County, California,35.7
El Dorado County, California,35.7
Knox County, Maine,35.7
Duval County, Texas,35.7
Hampton City, Virginia,35.7
Chester County, Pennsylvania,35.7
Arenac County, Michigan,35.7
Columbia County, Arkansas,35.7
Oconto County, Wisconsin,35.7
Morrow County, Oregon,35.6
St. Lucie County, Florida,35.6
Washington County, Texas,35.6
Dunn County, Wisconsin,35.6
New York County, New York,35.6
Knox County, Tennessee,35.6
Sequoyah County, Oklahoma,35.6
Deaf Smith County, Texas,35.6
Taylor County, Wisconsin,35.5
Bamberg County, South Carolina,35.5
Warrick County, Indiana,35.5
Torrance County, New Mexico,35.5
Shawano County, Wisconsin,35.5
Haywood County, North Carolina,35.5
Webster County, Kentucky,35.5
Eaton County, Michigan,35.5
McIntosh County, Oklahoma,35.5
York County, Maine,35.5
Pulaski County, Georgia,35.5
Gallatin County, Illinois,35.4
Webster County, Missouri,35.4
Cumberland County, Maine,35.4
Socorro County, New Mexico,35.4
Kane County, Illinois,35.4
Fauquier County, Virginia,35.4
Merrimack County, New Hampshire,35.4
Sandoval County, New Mexico,35.4
Jones County, North Carolina,35.4
Stutsman County, North Dakota,35.4
Medina County, Texas,35.4
Galveston County, Texas,35.4
Pontotoc County, Mississippi,35.3
San Jacinto County, Texas,35.3
Union County, Indiana,35.3
Colusa County, California,35.3
Lexington County, South Carolina,35.3
George County, Mississippi,35.3
Caldwell County, Texas,35.3
Lincoln County, South Dakota,35.2
Wagoner County, Oklahoma,35.2
Cabarrus County, North Carolina,35.2
Fairfield County, Connecticut,35.2
Pacific County, Washington,35.2
Shelby County, Ohio,35.2
Alger County, Michigan,35.1
Okanogan County, Washington,35.1
Hendry County, Florida,35.1
Jerome County, Idaho,35.1
Montgomery County, Virginia,35.1
Thomas County, Georgia,35.1
Lea County, New Mexico,35.1
Seminole County, Florida,35.1
Lincoln County, Oregon,35.1
Montgomery County, Indiana,35.1
Craven County, North Carolina,35.1
Natrona County, Wyoming,35.1
Mecklenburg County, North Carolina,35
Fayette County, Illinois,35
Hughes County, South Dakota,35
Oneida County, New York,35
Montgomery County, Missouri,35
Monroe County, Ohio,35
Weld County, Colorado,35
Barnstable County, Massachusetts,35
Red River Parish, Louisiana,35
San Diego County, California,35
Fresno County, California,34.9
Fairfield County, Ohio,34.9
Franklin County, Massachusetts,34.9
Whatcom County, Washington,34.9
Lafayette County, Mississippi,34.9
Alameda County, California,34.9
Izard County, Arkansas,34.9
Monroe County, Florida,34.9
Fluvanna County, Virginia,34.9
Pecos County, Texas,34.9
York County, Nebraska,34.9
Carroll County, New Hampshire,34.8
Windsor County, Vermont,34.8
Pawnee County, Oklahoma,34.8
Valencia County, New Mexico,34.8
Okfuskee County, Oklahoma,34.8
Bastrop County, Texas,34.8
Kent County, Michigan,34.8
Crawford County, Illinois,34.8
Mathews County, Virginia,34.8
Plumas County, California,34.8
Branch County, Michigan,34.7
Champaign County, Illinois,34.7
Transylvania County, North Carolina,34.7
Anne Arundel County, Maryland,34.7
Highlands County, Florida,34.7
Logan County, Arkansas,34.7
Washington County, Wisconsin,34.7
Carroll County, Virginia,34.7
Tulare County, California,34.6
Lafayette County, Florida,34.6
Uvalde County, Texas,34.6
Manitowoc County, Wisconsin,34.6
Richland County, South Carolina,34.6
Chesapeake City, Virginia,34.6
Wise County, Virginia,34.5
Bennington County, Vermont,34.5
Bulloch County, Georgia,34.5
Virginia Beach City, Virginia,34.5
Santa Clara County, California,34.5
Nodaway County, Missouri,34.5
Muskegon County, Michigan,34.5
Grand County, Colorado,34.5
Marathon County, Wisconsin,34.5
Whitfield County, Georgia,34.4
Yadkin County, North Carolina,34.4
Charleston County, South Carolina,34.4
Juab County, Utah,34.4
Lampasas County, Texas,34.4
Jefferson County, Washington,34.3
Owyhee County, Idaho,34.3
Amador County, California,34.3
Rappahannock County, Virginia,34.3
Montezuma County, Colorado,34.3
Menominee County, Michigan,34.3
Comal County, Texas,34.3
Lee County, Alabama,34.3
Greenville County, South Carolina,34.3
Linn County, Oregon,34.2
Cumberland County, North Carolina,34.2
King County, Washington,34.2
Radford City, Virginia,34.2
Miami County, Indiana,34.2
Grady County, Oklahoma,34.2
Bonneville County, Idaho,34.2
Schenectady County, New York,34.2
Idaho County, Idaho,34.2
Orange County, California,34.2
Mesa County, Colorado,34.2
St. Marys County, Maryland,34.2
Irwin County, Georgia,34.2
Powhatan County, Virginia,34.1
Santa Barbara County, California,34.1
Maricopa County, Arizona,34.1
Indian River County, Florida,34.1
Walker County, Georgia,34.1
Winnebago County, Wisconsin,34.1
Hays County, Texas,34.1
Huerfano County, Colorado,34.1
Johnston County, North Carolina,34.1
Randall County, Texas,34.1
Pend Oreille County, Washington,34.1
Juneau Borough, Alaska,34.1
Latimer County, Oklahoma,34
Gadsden County, Florida,34
Pitt County, North Carolina,34
Platte County, Missouri,34
St. Charles County, Missouri,34
Robertson County, Texas,34
Charlotte County, Florida,34
Fort Bend County, Texas,34
Worcester County, Massachusetts,33.9
Trinity County, California,33.9
Kings County, California,33.9
Sioux County, Iowa,33.9
Goshen County, Wyoming,33.9
Chatham County, North Carolina,33.9
Murray County, Georgia,33.9
Iowa County, Wisconsin,33.8
Laramie County, Wyoming,33.8
Ventura County, California,33.8
Kane County, Utah,33.8
St. Croix County, Wisconsin,33.8
Albany County, Wyoming,33.8
Gloucester County, Virginia,33.8
Aiken County, South Carolina,33.8
Jackson County, Florida,33.8
Minidoka County, Idaho,33.8
Yakima County, Washington,33.7
Jefferson County, Wisconsin,33.6
Yolo County, California,33.6
Missoula County, Montana,33.6
Ada County, Idaho,33.6
Inyo County, California,33.6
Geneva County, Alabama,33.6
Orange County, North Carolina,33.6
Conway County, Arkansas,33.6
St. Joseph County, Michigan,33.6
Lafayette County, Wisconsin,33.6
Newton County, Arkansas,33.5
Harris County, Georgia,33.5
La Crosse County, Wisconsin,33.5
Dodge County, Wisconsin,33.5
Doddridge County, West Virginia,33.4
Buncombe County, North Carolina,33.4
Watauga County, North Carolina,33.4
Delta County, Michigan,33.4
Amelia County, Virginia,33.4
Currituck County, North Carolina,33.4
Columbia County, Georgia,33.4
Fayette County, Ohio,33.4
Greene County, Virginia,33.4
Hamilton County, Indiana,33.4
Harrison County, Ohio,33.4
Shenandoah County, Virginia,33.4
Converse County, Wyoming,33.3
Addison County, Vermont,33.3
Cass County, Michigan,33.3
San Luis Obispo County, California,33.3
Hoke County, North Carolina,33.3
Polk County, Tennessee,33.3
Durham County, North Carolina,33.3
Tillamook County, Oregon,33.2
Bernalillo County, New Mexico,33.2
Placer County, California,33.2
Adams County, Wisconsin,33.2
Wilson County, Texas,33.2
Vernon County, Wisconsin,33.2
Ionia County, Michigan,33.2
Howard County, Maryland,33.2
Goliad County, Texas,33.2
Clark County, Washington,33.2
Calaveras County, California,33.2
Benton County, Oregon,33.1
Prince George County, Virginia,33.1
Lassen County, California,33.1
Grayson County, Virginia,33.1
Lake County, Oregon,33.1
Greene County, North Carolina,33
Curry County, Oregon,33
Livingston County, Michigan,33
Sampson County, North Carolina,33
Moore County, North Carolina,33
Montcalm County, Michigan,33
St. Johns County, Florida,33
Wood County, Wisconsin,33
Fredericksburg City, Virginia,33
Santa Rosa County, Florida,33
Grant County, New Mexico,33
Russell County, Virginia,32.9
Orange County, Virginia,32.9
Wheeler County, Georgia,32.9
Sarasota County, Florida,32.9
Wake County, North Carolina,32.9
Manatee County, Florida,32.8
Marin County, California,32.8
Pima County, Arizona,32.8
Essex County, Vermont,32.8
Gallia County, Ohio,32.8
Dona Ana County, New Mexico,32.8
Lincoln County, North Carolina,32.8
Jones County, Georgia,32.8
Le Flore County, Oklahoma,32.8
Dane County, Wisconsin,32.7
James City County, Virginia,32.7
Madera County, California,32.7
Denton County, Texas,32.7
Codington County, South Dakota,32.6
Washington County, Florida,32.6
Otero County, New Mexico,32.6
Llano County, Texas,32.6
San Mateo County, California,32.6
Bon Homme County, South Dakota,32.6
Beadle County, South Dakota,32.6
Alleghany County, North Carolina,32.6
Nevada County, California,32.6
Carbon County, Wyoming,32.6
Schoolcraft County, Michigan,32.5
Skamania County, Washington,32.5
Lyon County, Kentucky,32.5
Madison County, Missouri,32.5
Curry County, New Mexico,32.5
Louisa County, Iowa,32.5
Travis County, Texas,32.5
Somervell County, Texas,32.5
Red Willow County, Nebraska,32.5
Collin County, Texas,32.5
Calumet County, Wisconsin,32.4
Jefferson County, Colorado,32.4
Weber County, Utah,32.4
Arapahoe County, Colorado,32.4
Lake County, South Dakota,32.4
Nez Perce County, Idaho,32.3
Green County, Wisconsin,32.2
Gladwin County, Michigan,32.2
Yancey County, North Carolina,32.2
Leon County, Texas,32.2
Jersey County, Illinois,32.2
Pierce County, Wisconsin,32.2
Washington County, Rhode Island,32.2
Noble County, Ohio,32.2
Utah County, Utah,32.1
Forest County, Pennsylvania,32.1
Yavapai County, Arizona,32.1
Boone County, Indiana,32.1
Sanpete County, Utah,32
Tompkins County, New York,32
Sutter County, California,32
Catoosa County, Georgia,32
Green Lake County, Wisconsin,32
York County, Virginia,32
Martin County, Florida,32
Bannock County, Idaho,32
Stevens County, Washington,32
Bristol County, Rhode Island,31.9
Benton County, Iowa,31.9
Newaygo County, Michigan,31.9
Dallas County, Iowa,31.9
Allegan County, Michigan,31.9
Ottawa County, Michigan,31.8
Montrose County, Colorado,31.7
Ontario County, New York,31.7
Bayfield County, Wisconsin,31.7
Oceana County, Michigan,31.7
Coos County, Oregon,31.7
Albemarle County, Virginia,31.7
Mendocino County, California,31.7
Richland County, Montana,31.6
Palm Beach County, Florida,31.6
Tuolumne County, California,31.6
Platte County, Wyoming,31.6
Washington County, Utah,31.6
Wyoming County, West Virginia,31.6
Juneau County, Wisconsin,31.5
Washington County, Oregon,31.5
Henry County, Kentucky,31.4
Spokane County, Washington,31.4
Kalamazoo County, Michigan,31.4
Monroe County, Michigan,31.4
Navajo County, Arizona,31.4
Antrim County, Michigan,31.3
Calhoun County, Michigan,31.3
Poquoson City, Virginia,31.3
Door County, Wisconsin,31.2
Hood River County, Oregon,31.2
Deschutes County, Oregon,31.2
Santa Cruz County, California,31.2
Manassas Park City, Virginia,31.2
Burnett County, Wisconsin,31.2
Williamson County, Texas,31.2
Tazewell County, Virginia,31.1
Dade County, Missouri,31.1
Sierra County, New Mexico,31.1
Pinal County, Arizona,31.1
Hidalgo County, Texas,31.1
Crawford County, Michigan,31
Beaufort County, South Carolina,31
Larimer County, Colorado,31
Chittenden County, Vermont,31
Mecklenburg County, Virginia,31
Hillsdale County, Michigan,31
Sumter County, Florida,31
Cheboygan County, Michigan,31
Madison County, Florida,30.9
Williamson County, Tennessee,30.9
Lane County, Oregon,30.9
Barnwell County, South Carolina,30.8
Buchanan County, Virginia,30.8
Franklin County, Idaho,30.7
Gallatin County, Montana,30.7
Douglas County, Colorado,30.7
Cheyenne County, Nebraska,30.6
Eddy County, New Mexico,30.6
Washtenaw County, Michigan,30.6
Lake County, Michigan,30.6
Yuma County, Arizona,30.6
Lincoln County, Wyoming,30.5
Modoc County, California,30.5
San Juan County, New Mexico,30.5
Leon County, Florida,30.5
Lee County, Florida,30.5
Columbia County, Oregon,30.5
Colfax County, Nebraska,30.5
Fayette County, Georgia,30.4
Park County, Montana,30.4
Bacon County, Georgia,30.4
Douglas County, Washington,30.3
Klickitat County, Washington,30.3
Winchester City, Virginia,30.3
Siskiyou County, California,30.2
Waller County, Texas,30.2
Brewster County, Texas,30.2
Merrick County, Nebraska,30.2
Monterey County, California,30.2
Franklin County, Florida,30.2
Dade County, Georgia,30.1
Dickinson County, Michigan,30.1
Archuleta County, Colorado,30
Harrisonburg City, Virginia,30
Marquette County, Wisconsin,30
Moniteau County, Missouri,30
Wilson County, North Carolina,30
Prince William County, Virginia,29.9
Lincoln County, Montana,29.9
Coconino County, Arizona,29.9
Camden County, North Carolina,29.8
Monroe County, Tennessee,29.8
Queen Annes County, Maryland,29.8
New Hanover County, North Carolina,29.8
San Augustine County, Texas,29.8
Rockwall County, Texas,29.8
Latah County, Idaho,29.8
Tooele County, Utah,29.8
Patrick County, Virginia,29.7
Chariton County, Missouri,29.6
Bandera County, Texas,29.6
DeSoto County, Florida,29.6
Box Elder County, Utah,29.6
Arlington County, Virginia,29.5
Salt Lake County, Utah,29.5
Deer Lodge County, Montana,29.5
Turner County, South Dakota,29.5
Sweetwater County, Wyoming,29.5
Talbot County, Maryland,29.5
Park County, Wyoming,29.4
Lafayette County, Arkansas,29.4
Ferry County, Washington,29.3
Boulder County, Colorado,29.3
Bleckley County, Georgia,29.3
Bremer County, Iowa,29.3
Montgomery County, Maryland,29.3
Park County, Colorado,29.3
San Juan County, Washington,29.3
Loudoun County, Virginia,29.2
Chaves County, New Mexico,29.2
Floyd County, Virginia,29.1
La Paz County, Arizona,29
Buffalo County, Wisconsin,28.9
Elbert County, Colorado,28.9
Coffee County, Alabama,28.9
Davis County, Utah,28.6
Sagadahoc County, Maine,28.6
Cleveland County, Arkansas,28.6
Lincoln County, New Mexico,28.4
Douglas County, Missouri,28.4
La Plata County, Colorado,28.3
Kendall County, Texas,28.3
Los Alamos County, New Mexico,28.2
Midland County, Michigan,28.1
Fairfax County, Virginia,28.1
Loudon County, Tennessee,28.1
Alexandria City, Virginia,28.1
Wasatch County, Utah,28.1
Knox County, Nebraska,28
Hickory County, Missouri,27.9
Barry County, Missouri,27.9
Ravalli County, Montana,27.9
Allendale County, South Carolina,27.6
Douglas County, Oregon,27.6
Grant County, Oregon,27.6
Teller County, Colorado,27.5
Morgan County, Colorado,27.3
Sevier County, Utah,27.3
Baker County, Oregon,27.3
Santa Cruz County, Arizona,27.3
Whitman County, Washington,27.2
Campbell County, Wyoming,27.2
Gillespie County, Texas,27.1
Gila County, Arizona,27
Cache County, Utah,27
Uinta County, Wyoming,26.8
Taos County, New Mexico,26.7
Williamsburg City, Virginia,26.6
Santa Fe County, New Mexico,26.6
Polk County, North Carolina,26.5
Mecosta County, Michigan,26.1
Missaukee County, Michigan,26.1
Fairfax City, Virginia,26.1
Eagle County, Colorado,26
Asotin County, Washington,25.9
Apache County, Arizona,25.8
Ogemaw County, Michigan,25.8
Washington County, Virginia,25.8
Emery County, Utah,25.6
Chaffee County, Colorado,25.5
Mono County, California,25.5
St. Clair County, Missouri,25.4
Teton County, Wyoming,25.4
Dawson County, Georgia,25.2
Lancaster County, Virginia,25.1
Dooly County, Georgia,24.9
Broomfield County, Colorado,24.9
Delta County, Colorado,24.7
Valley County, Idaho,24.5
Collier County, Florida,24.4
Routt County, Colorado,24.3
Gunnison County, Colorado,24.1
Kittitas County, Washington,23.9
Garfield County, Colorado,23.9
Holmes County, Florida,23.9
Cassia County, Idaho,23.7
Blanco County, Texas,23.6
Iron County, Michigan,23.5
Lee County, Virginia,23.2
Scott County, Virginia,23.1
Bristol City, Virginia,22.6
Gilchrist County, Florida,22.4
Lincoln County, Washington,22.1
Clinton County, Michigan,22.1
Waushara County, Wisconsin,21.8
Barry County, Michigan,19.5
Leelanau County, Michigan,19.3
Blaine County, Idaho,19.3
Summit County, Utah,17.9
Mason County, Michigan,17.5
Summit County, Colorado,13.7
Pitkin County, Colorado,13.3